{
    "loss": 0.4760257601737976,
    "accuracy": 0.9482758641242981
}