{
    "loss": 0.4071848690509796,
    "accuracy": 0.9568965435028076
}