{
    "loss": 0.41118690371513367,
    "accuracy": 0.9568965435028076
}